Pub_Date,Title,Authors,Journal,IF,DOI,PMID,Year,Url
2023 Aug 30,Lutein-stachyose (LS) amphiphilic oligosaccharide derivatives improve the oral bioavailability of lutein,Li Y;Liu B;Zhang X;Liu Y;Wang S;Li S;Zhao X,Food Chem,9.231,10.1016/j.foodchem.2023.136032,36996657,2023 Aug 30,https://www.citexs.com/detail?pmid=36996657
2024 Jan 02,Targeting DSS-induced ulcerative colitis: evaluating the therapeutic potential of WPI-stachyose conjugates,Wang ZH;Zhang GY;Sun C;Ning SX;Zhou DY;Song L,Food Funct,6.317,10.1039/d3fo03598k,38047401,2024 Jan 02,https://www.citexs.com/detail?pmid=38047401
2015 Nov,Identification and characterization of a stachyose synthase gene controlling reduced stachyose content in soybean,Qiu D;Vuong T;Valliyodan B;Shi H;Guo B;Shannon JG;Nguyen HT,Theor Appl Genet,5.574,10.1007/s00122-015-2575-0,26179337,2015 Nov,https://www.citexs.com/detail?pmid=26179337
2023 01 02,Cucumber STACHYOSE SYNTHASE is regulated by its cis-antisense RNA asCsSTS to balance source-sink carbon partitioning,Dai H;Zhang W;Hua B;Zhu Z;Zhang J;Zhang Z;Miao M,Plant Cell,12.085,10.1093/plcell/koac317,36342214,2023 01 02,https://www.citexs.com/detail?pmid=36342214
2022,Stachyose Alleviates Corticosterone-Induced Long-Term Potentiation Impairment  via  the Gut-Brain Axis,Huang Y;Li D;Wang C;Sun N;Zhou WX,Front Pharmacol,5.988,10.3389/fphar.2022.799244,35370743,2022,https://www.citexs.com/detail?pmid=35370743
2021 Oct,"Sequential expression of raffinose synthase and stachyose synthase corresponds to successive accumulation of raffinose, stachyose and verbascose in developing seeds of Lens culinaris Medik",Kannan U;Sharma R;Gangola MP;Ganeshan S;Båga M;Chibbar RN,J Plant Physiol,,10.1016/j.jplph.2021.153494,34454370,2021 Oct,https://www.citexs.com/detail?pmid=34454370
2022,"Latilactobacillus sakei  Furu2019 and stachyose as probiotics, prebiotics, and synbiotics alleviate constipation in mice",Guo Y;Song L;Huang Y;Li X;Xiao Y;Wang Z;Ren Z,Front Nutr,6.59,10.3389/fnut.2022.1039403,36687730,2022,https://www.citexs.com/detail?pmid=36687730
2024 May 15,Stachyose Exerts Anticolitis Efficacy by Re-balancing Treg/Th17 and Activating the Butyrate-Derived PPARγ Signaling Pathway,He N;Chen K;Yu S;Cui L;Vu SH;Jung S;Lee MS;Li S,J Agric Food Chem,5.895,10.1021/acs.jafc.4c01387,38748640,2024 May 15,https://www.citexs.com/detail?pmid=38748640
2023 May 06,"Far-Red Light Mediated Carbohydrate Concentration Changes in Leaves of Sweet Basil, a Stachyose Translocating Plant",Driesen E;Saeys W;De Proft M;Lauwers A;Van den Ende W,Int J Mol Sci,6.208,10.3390/ijms24098378,37176086,2023 May 06,https://www.citexs.com/detail?pmid=37176086
2021 03 29,Stachyose triggers apoptotic like cell death in drought sensitive but not resilient plants,Okemo P;Long H;Cheng Y;Mundree S;Williams B,Sci Rep,4.996,10.1038/s41598-021-86559-7,33782503,2021 03 29,https://www.citexs.com/detail?pmid=33782503
2021 Oct,Stachyose inhibits vancomycin-resistant Enterococcus colonization and affects gut microbiota in mice,Zhu S;Li X;Song L;Huang Y;Xiao Y;Chu Q;Kang Y;Duan S;Wu D;Ren Z,Microb Pathog,,10.1016/j.micpath.2021.105094,34280500,2021 Oct,https://www.citexs.com/detail?pmid=34280500
2023,Novel genetic resources associated with sucrose and stachyose content through genome-wide association study in soybean ( Glycine max  (L.) Merr.),Lee D;Lara L;Moseley D;Vuong TD;Shannon G;Xu D;Nguyen HT,Front Plant Sci,6.627,10.3389/fpls.2023.1294659,38023839,2023,https://www.citexs.com/detail?pmid=38023839
2018 May 23,Proteomic analysis of stachyose contribution to the growth of Lactobacillus acidophilus CICC22162,Zhong XF;Zhang YB;Huang GD;Ouyang YZ;Liao DJ;Peng JW;Huang WZ,Food Funct,5.396,10.1039/c8fo00528a,29767655,2018 May 23,https://www.citexs.com/detail?pmid=29767655
2019 01 15,Biosynthesis of Raffinose and Stachyose from Sucrose via an  In Vitro  Multienzyme System,Tian C;Yang J;Zeng Y;Zhang T;Zhou Y;Men Y;You C;Zhu Y;Sun Y,Appl Environ Microbiol,4.792,10.1128/AEM.02306-18,30389762,2019 01 15,https://www.citexs.com/detail?pmid=30389762
2024 02 20,Stachyose in combination with L. rhamnosus GG ameliorates acute hypobaric hypoxia-induced intestinal barrier dysfunction through alleviating inflammatory response and oxidative stress,Ren D;Ding M;Su J;Ye J;He X;Zhang Y;Shang X,Free Radic Biol Med,8.101,10.1016/j.freeradbiomed.2024.01.009,38211833,2024 02 20,https://www.citexs.com/detail?pmid=38211833
2020 May-Jun,Stachyose modulates gut microbiota and alleviates dextran sulfate sodium-induced acute colitis in mice,He L;Zhang F;Jian Z;Sun J;Chen J;Liapao V;He Q,Saudi J Gastroenterol,3.214,10.4103/sjg.SJG_580_19,32270772,2020 May-Jun,https://www.citexs.com/detail?pmid=32270772
2021 Dec 01,Study on alleviation effect of stachyose on food allergy through TLR2/NF-κB signal pathway in a mouse model,Li Q;Tang X;Xu J;Ren X;Wang R;Jiang S,Life Sci,6.78,10.1016/j.lfs.2021.120038,34653427,2021 Dec 01,https://www.citexs.com/detail?pmid=34653427
2017 Dec,Physicochemical interaction mechanism between nanoparticles and tetrasaccharides (stachyose) during freeze-drying,Kamiya S;Nakashima K,Drug Dev Ind Pharm,3.225,10.1080/03639045.2017.1361966,28758815,2017 Dec,https://www.citexs.com/detail?pmid=28758815
2017 Jun,The Proliferation Mechanism of Lactobacillus plantarum RB1 Stimulated by Stachyose,Pan Q;Zeng X;Pan D;Peng L;Wu Z;Sun Y;Wei Y,Curr Microbiol,2.188,10.1007/s00284-017-1229-7,28374137,2017 Jun,https://www.citexs.com/detail?pmid=28374137
2021 Nov 01,Berberine combined with stachyose improves glycometabolism and gut microbiota through regulating colonic microRNA and gene expression in diabetic rats,Li C;Cao H;Huan Y;Ji W;Liu S;Sun S;Liu Q;Lei L;Liu M;Gao X;Fu Y;Li P;Shen Z,Life Sci,6.78,10.1016/j.lfs.2021.119928,34480937,2021 Nov 01,https://www.citexs.com/detail?pmid=34480937
2024 Apr,"Impact of dietary digestible aromatic amino acid levels and stachyose on growth, nutrient utilization, and cecal odorous compounds in broiler chickens",Fu M;Zhou X;Yin D;Liu H;Zhu X;Yang G,Poult Sci,4.014,10.1016/j.psj.2024.103536,38364606,2024 Apr,https://www.citexs.com/detail?pmid=38364606
2021 03 15,Non-digestive stachyose enhances bioavailability of isoflavones for improving hyperlipidemia and hyperglycemia in mice fed with high fat diet,Wu Y;Lu Y;Ren D;Chen X;Yang X,J Food Drug Anal,6.157,10.38212/2224-6614.3078,35696221,2021 03 15,https://www.citexs.com/detail?pmid=35696221
2020 11,Stachyose increases intestinal barrier through Akkermansia muciniphila and reduces gut inflammation in germ-free mice after human fecal transplantation,Xi M;Li J;Hao G;An X;Song Y;Wei H;Ge W,Food Res Int,6.475,10.1016/j.foodres.2020.109288,33233042,2020 11,https://www.citexs.com/detail?pmid=33233042
2021 Jan-Dec,"Effects of soybean oligosaccharide, stachyose, and raffinose on growth performance and cecal microbiota in broiler chickens",Zhu X;Liu J;Yang G,Anim Sci J,1.974,10.1111/asj.13668,34881496,2021 Jan-Dec,https://www.citexs.com/detail?pmid=34881496
2023 07,Study on the anti-inflammatory effect of stachyose by inhibiting TLR4/NF-κB signalling pathway in vitro and in vivo,Jiang S;Li Q;Han S;Wang H;Tang X;Wang T;Meng X,Clin Exp Pharmacol Physiol,2.963,10.1111/1440-1681.13774,36987398,2023 07,https://www.citexs.com/detail?pmid=36987398
2020 Feb 01,Urinary metabolomics analysis reveals the anti-diabetic effect of stachyose in high-fat diet/streptozotocin-induced type 2 diabetic rats,Liang L;Liu G;Yu G;Zhang F;Linhardt RJ;Li Q,Carbohydr Polym,9.381,10.1016/j.carbpol.2019.115534,31826396,2020 Feb 01,https://www.citexs.com/detail?pmid=31826396
2020 Jul,"Soybean oligosaccharide, stachyose, and raffinose in broilers diets: effects on odor compound concentration and microbiota in cecal digesta",Zhu X;Liu J;Liu H;Yang G,Poult Sci,4.014,10.1016/j.psj.2020.03.034,32616249,2020 Jul,https://www.citexs.com/detail?pmid=32616249
2016,Effects of stachyose on absorption and transportation of tea catechins in mice: possible role of Phase II metabolic enzymes and efflux transporters inhibition by stachyose,Li W;Lu Y;Huang D;Han X;Yang X,Food Nutr Res,,10.3402/fnr.v60.32783,27782875,2016,https://www.citexs.com/detail?pmid=27782875
2020 11 28,"Effects of dietary stachyose levels on caecal skatole concentration, hepatic cytochrome P450 mRNA expressions and enzymatic activities in broilers",Liu HY;Zhao XY;Yang GQ;Liu JZ;Zhu X,Br J Nutr,4.125,10.1017/S0007114520002263,32594918,2020 11 28,https://www.citexs.com/detail?pmid=32594918
2022,"Breeding of Penta Null Soybean [ Glycine max  (L.) Merr.] for Five Antinutritional and Allergenic Components of Lipoxygenase, KTI, Lectin, 7S α' Subunit, and Stachyose",Choi SW;Ly S;Lee JH;Oh HS;Kim SY;Kim NH;Chung JI,Front Plant Sci,6.627,10.3389/fpls.2022.910249,35747881,2022,https://www.citexs.com/detail?pmid=35747881
2016 Mar,Stachyose increases absorption and hepatoprotective effect of tea polyphenols in high fructose-fed mice,Li W;Huang D;Gao A;Yang X,Mol Nutr Food Res,5.914,10.1002/mnfr.201500547,26582073,2016 Mar,https://www.citexs.com/detail?pmid=26582073
2023 May,Effects of sheep whey protein combined with Fu brick tea polysaccharides and stachyose on immune function and intestinal metabolites of cyclophosphamide-treated mice,Wang N;Ren D;Zhang L;Han N;Zhao Y;Yang X,J Sci Food Agric,4.125,10.1002/jsfa.12477,36722467,2023 May,https://www.citexs.com/detail?pmid=36722467
2023,Therapeutic impact of stachyose on hyperlipidaemia caused by a high-fat diet in mice as revealed by gut microbiota and metabolomics,Zhang W;Cui N;Su F;Sun Y;Li B;Zhang Z;Zeng Y;Guan W;Yang B;Wang Q;Kuang H,Curr Res Food Sci,,10.1016/j.crfs.2023.100638,38045511,2023,https://www.citexs.com/detail?pmid=38045511
2020 May,Berberine combined with stachyose induces better glycometabolism than berberine alone through modulating gut microbiota and fecal metabolomics in diabetic mice,Li CN;Wang X;Lei L;Liu MZ;Li RC;Sun SJ;Liu SN;Huan Y;Zhou T;Liu Q;Cao H;Bai GL;Han YW;Shen ZF,Phytother Res,5.878,10.1002/ptr.6588,31833107,2020 May,https://www.citexs.com/detail?pmid=31833107
2015 Mar,Stachyose-induced apoptosis of Caco-2 cells via the caspase-dependent mitochondrial pathway,Huang G;Mao J;Ji Z;Ailati A,Food Funct,5.396,10.1039/c4fo01017e,25578308,2015 Mar,https://www.citexs.com/detail?pmid=25578308
2011 Jan,Stachyose in the cytosol does not influence freezing tolerance of transgenic Arabidopsis expressing stachyose synthase from adzuki bean,Iftime D;Hannah MA;Peterbauer T;Heyer AG,Plant Sci,4.729,10.1016/j.plantsci.2010.07.012,21421343,2011 Jan,https://www.citexs.com/detail?pmid=21421343
2017 Sep,Suppression of cucumber stachyose synthase gene (CsSTS) inhibits phloem loading and reduces low temperature stress tolerance,Lü J;Sui X;Ma S;Li X;Liu H;Zhang Z,Plant Mol Biol,4.076,10.1007/s11103-017-0621-9,28608281,2017 Sep,https://www.citexs.com/detail?pmid=28608281
2018 03,Stachyose Improves Inflammation through Modulating Gut Microbiota of High-Fat Diet/Streptozotocin-Induced Type 2 Diabetes in Rats,Liu G;Bei J;Liang L;Yu G;Li L;Li Q,Mol Nutr Food Res,5.914,10.1002/mnfr.201700954,29341443,2018 03,https://www.citexs.com/detail?pmid=29341443
2023 Apr 18,Efficient Degradation for Raffinose and Stachyose of a β-D-Fructofuranosidase and Its New Function to Improve Gel Properties of Coagulated Fermented-Soymilk,Chen Z;Shen Y;Xu J,Gels,,10.3390/gels9040345,37102957,2023 Apr 18,https://www.citexs.com/detail?pmid=37102957
2021 Jun,Microbiome-metabolomic analyses of the impacts of dietary stachyose on fecal microbiota and metabolites in infants intestinal microbiota-associated mice,Xi M;Tang H;Zhang Y;Ge W;Chen Y;Cui X,J Sci Food Agric,,10.1002/jsfa.10963,33222240,2021 Jun,https://www.citexs.com/detail?pmid=33222240
2017 Mar 19,Intra Amniotic Administration of Raffinose and Stachyose Affects the Intestinal Brush Border Functionality and Alters Gut Microflora Populations,Pacifici S;Song J;Zhang C;Wang Q;Glahn RP;Kolba N;Tako E,Nutrients,5.717,10.3390/nu9030304,28335485,2017 Mar 19,https://www.citexs.com/detail?pmid=28335485
2013 Dec 04,Stachyose-enriched α-galacto-oligosaccharides regulate gut microbiota and relieve constipation in mice,Li T;Lu X;Yang X,J Agric Food Chem,5.279,10.1021/jf404160e,24245736,2013 Dec 04,https://www.citexs.com/detail?pmid=24245736
2018 Sep,The functions of cucumber sucrose phosphate synthases 4 (CsSPS4) in carbon metabolism and transport in sucrose- and stachyose-transporting plants,Li X;Du J;Guo J;Wang H;Ma S;Lü J;Sui X;Zhang Z,J Plant Physiol,3.686,10.1016/j.jplph.2018.05.013,29913429,2018 Sep,https://www.citexs.com/detail?pmid=29913429
2020,Stachyose Improves the Effects of Berberine on Glucose Metabolism by Regulating Intestinal Microbiota and Short-Chain Fatty Acids in Spontaneous Type 2 Diabetic KKAy Mice,Cao H;Li C;Lei L;Wang X;Liu S;Liu Q;Huan Y;Sun S;Shen Z,Front Pharmacol,5.988,10.3389/fphar.2020.578943,33192521,2020,https://www.citexs.com/detail?pmid=33192521
2012 Sep,"Levansucrase and sucrose phoshorylase contribute to raffinose, stachyose, and verbascose metabolism by lactobacilli",Teixeira JS;McNeill V;Gänzle MG,Food Microbiol,5.516,10.1016/j.fm.2012.03.003,22608234,2012 Sep,https://www.citexs.com/detail?pmid=22608234
2019 Oct 23,"Regulatory Effects of Stachyose on Colonic and Hepatic Inflammation, Gut Microbiota Dysbiosis, and Peripheral CD4 +  T Cell Distribution Abnormality in High-Fat Diet-Fed Mice",Liu Y;Li T;Alim A;Ren D;Zhao Y;Yang X,J Agric Food Chem,5.279,10.1021/acs.jafc.9b04731,31588753,2019 Oct 23,https://www.citexs.com/detail?pmid=31588753
2017 Jan 25,Evaluation of clinical safety and beneficial effects of stachyose-enriched α-galacto-oligosaccharides on gut microbiota and bowel function in humans,Li T;Lu X;Yang X,Food Funct,5.396,10.1039/c6fo01290f,28001151,2017 Jan 25,https://www.citexs.com/detail?pmid=28001151
2016 May 18,Enhancing the hepatic protective effect of genistein by oral administration with stachyose in mice with chronic high fructose diet consumption,Li W;Li Z;Han X;Huang D;Lu Y;Yang X,Food Funct,6.317,10.1039/c6fo00038j,27157892,2016 May 18,https://www.citexs.com/detail?pmid=27157892
2017,Non-digestible stachyose promotes bioavailability of genistein through inhibiting intestinal degradation and first-pass metabolism of genistein in mice,Lu Y;Lin D;Li W;Yang X,Food Nutr Res,,10.1080/16546628.2017.1369343,28970781,2017,https://www.citexs.com/detail?pmid=28970781
2013 Oct,Optimization of extracting stachyose from Stachys floridana Schuttl. ex Benth by response surface methodology,Xianfeng Z;Guidong H;Yan C;Chaobo L;Zeyuan D;Xiaojuan M,J Food Sci Technol,,10.1007/s13197-011-0413-1,24426001,2013 Oct,https://www.citexs.com/detail?pmid=24426001
2016 May 10,A LC-MS/MS method for the determination of stachyose in rat plasma and its application to a pharmacokinetic study,Zhou Y;Xu DS;Liu L;Qiu FR;Chen JL;Xu GL,J Pharm Biomed Anal,3.935,10.1016/j.jpba.2015.11.041,26859612,2016 May 10,https://www.citexs.com/detail?pmid=26859612
2009 Jun 10,Identification of oligosaccharides formed during stachyose hydrolysis by Pectinex Ultra SP-L,Montilla A;Corzo N;Olano A;Jimeno ML,J Agric Food Chem,5.279,10.1021/jf900309x,19397266,2009 Jun 10,https://www.citexs.com/detail?pmid=19397266
2009 Aug 15,Raffinose and stachyose metabolism are not required for efficient soybean seed germination,Dierking EC;Bilyeu KD,J Plant Physiol,3.686,10.1016/j.jplph.2009.01.008,19286275,2009 Aug 15,https://www.citexs.com/detail?pmid=19286275
2011 Oct 12,Study of influential factors on oligosaccharide formation by fructosyltransferase activity during stachyose hydrolysis by Pectinex ultra SP-L,Montilla A;Olano A;Martínez-Villaluenga C;Corzo N,J Agric Food Chem,5.279,10.1021/jf202472p,21882802,2011 Oct 12,https://www.citexs.com/detail?pmid=21882802
2012 Jul,Stachyose: One of the Active Fibroblast-proliferating Components in the Root of Rehmanniae Radix ( dì huáng),Lai PK;To MH;Lau KM;Liu CL;Cheng L;Fung KP;Leung PC;Lau CB,J Tradit Complement Med,,10.1016/s2225-4110(16)30104-3,24716137,2012 Jul,https://www.citexs.com/detail?pmid=24716137
2013 Nov,Inhibitory effects of resistant starch (RS3) as a carrier for stachyose on dextran sulfate sodium-induced ulcerative colitis in C57BL/6 mice,Qian Y;Zhao X;Song JL;Zhu K;Sun P;Li GJ;Wang R;Kan JQ,Exp Ther Med,,10.3892/etm.2013.1280,24223664,2013 Nov,https://www.citexs.com/detail?pmid=24223664
2011 Apr,Expression of three galactinol synthase isoforms in Coffea arabica L. and accumulation of raffinose and stachyose in response to abiotic stresses,dos Santos TB;Budzinski IG;Marur CJ;Petkowicz CL;Pereira LF;Vieira LG,Plant Physiol Biochem,4.27,10.1016/j.plaphy.2011.01.023,21330144,2011 Apr,https://www.citexs.com/detail?pmid=21330144
2007 Sep,"Significance of local mobility in aggregation of beta-galactosidase lyophilized with trehalose, sucrose or stachyose",Yoshioka S;Miyazaki T;Aso Y;Kawanishi T,Pharm Res,4.2,10.1007/s11095-007-9296-2,17404806,2007 Sep,https://www.citexs.com/detail?pmid=17404806
2006 Aug,"Effect of stachyose supplementation on growth performance, nutrient digestibility and caecal fermentation characteristics in broilers",Jiang HQ;Gong LM;Ma YX;He YH;Li DF;Zhai HX,Br Poult Sci,2.095,10.1080/00071660600827708,16905479,2006 Aug,https://www.citexs.com/detail?pmid=16905479
1999 Dec,Stachyose synthesis in seeds of adzuki bean (Vigna angularis): molecular cloning and functional expression of stachyose synthase,Peterbauer T;Mucha J;Mayer U;Popp M;Glössl J;Richter A,Plant J,6.417,10.1046/j.1365-313x.1999.00618.x,10652123,1999 Dec,https://www.citexs.com/detail?pmid=10652123
1998 May,Galactosylononitol and stachyose synthesis in seeds of adzuki bean. Purification and characterization of stachyose synthase,Peterbauer T;Richter A,Plant Physiol,8.005,10.1104/pp.117.1.165,9576785,1998 May,https://www.citexs.com/detail?pmid=9576785
1999 Jun 01,Purification and characterization of stachyose synthase from lentil (Lens culinaris) seeds: galactopinitol and stachyose synthesis,Hoch G;Peterbauer T;Richter A,Arch Biochem Biophys,4.013,10.1006/abbi.1999.1212,10334866,1999 Jun 01,https://www.citexs.com/detail?pmid=10334866
2006 Aug 15,Purification and determination of stachyose in Chinese artichoke (Stachys Sieboldii Miq.) by high-performance liquid chromatography with evaporative light scattering detection,Yin J;Yang G;Wang S;Chen Y,Talanta,6.057,10.1016/j.talanta.2006.03.027,18970754,2006 Aug 15,https://www.citexs.com/detail?pmid=18970754
2007 Jul,The regulatory gamma subunit SNF4b of the sucrose non-fermenting-related kinase complex is involved in longevity and stachyose accumulation during maturation of Medicago truncatula seeds,Rosnoblet C;Aubry C;Leprince O;Vu BL;Rogniaux H;Buitink J,Plant J,6.417,10.1111/j.1365-313X.2007.03116.x,17488238,2007 Jul,https://www.citexs.com/detail?pmid=17488238
2003 Feb,"Effects of stachyose on performance, diarrhoea incidence and intestinal bacteria in weanling pigs",Liying Z;Li D;Qiao S;Johnson EW;Li B;Thacker PA;Han IK,Arch Tierernahr,,,12801075,2003 Feb,https://www.citexs.com/detail?pmid=12801075
2004 Jul,Stachyose extract from Rehmannia glutinosa Libosch. to lower plasma glucose in normal and diabetic rats by oral administration,Zhang RX;Jia ZP;Kong LY;Ma HP;Ren J;Li MX;Ge X,Pharmazie,1.267,,15296094,2004 Jul,https://www.citexs.com/detail?pmid=15296094
2002 Jan 04,"Chain Elongation of raffinose in pea seeds. Isolation, characterization, and molecular cloning of mutifunctional enzyme catalyzing the synthesis of stachyose and verbascose",Peterbauer T;Mucha J;Mach L;Richter A,J Biol Chem,5.486,10.1074/jbc.M109734200,11675396,2002 Jan 04,https://www.citexs.com/detail?pmid=11675396
2002 Oct,"Effect of dietary supplementation with alpha-galactosidase preparation and stachyose on growth performance, nutrient digestibility and intestinal bacterial populations of piglets",Pan B;Li D;Piao X;Zhang L;Guo L,Arch Tierernahr,,10.1080/00039420215627,12556044,2002 Oct,https://www.citexs.com/detail?pmid=12556044
1995,Leguminosae in the diet: the raffinose-stachyose question,Wiesmann UN;Rosé-Beutler B;Schlüchter R,Eur J Pediatr,3.183,10.1007/BF02143812,7671975,1995,https://www.citexs.com/detail?pmid=7671975
1995 Dec,"Degradation of stachyose, raffinose, melibiose and sucrose by different tempe-producing Rhizopus fungi",Rehms H;Barz W,Appl Microbiol Biotechnol,4.813,10.1007/BF00164479,8579835,1995 Dec,https://www.citexs.com/detail?pmid=8579835
2023 Sep 01,"Corrigendum to Study on alleviation effect of stachyose on food allergy through TLR2/NF-κB signal pathway in a mouse model"" [Life Sci. 286 (2021) 120038]""",Li Q;Tang X;Xu J;Ren X;Wang R;Jiang S,Life Sci,6.78,10.1016/j.lfs.2023.121914,37419712,2023 Sep 01,https://www.citexs.com/detail?pmid=37419712
1995 Jul,Enzymic hydrolysis of raffinose and stachyose in soymilk by alpha-galactosidase from Gibberella fujikuroi,Mulimani VH;Ramalingam ,Biochem Mol Biol Int,,null,8528153,1995 Jul,https://www.citexs.com/detail?pmid=8528153
1991 Jul,Stachyose synthesis in mature leaves of Cucumis melo. Purification and characterization of stachyose synthase (EC 2.4.1.67),Holthaus U;Schmitz K,Planta,,10.1007/BF00197902,24194243,1991 Jul,https://www.citexs.com/detail?pmid=24194243
1992 Oct,"Localization of galactinol, raffinose, and stachyose synthesis in Cucurbita pepo leaves",Beebe DU;Turgeon R,Planta,,10.1007/BF00192802,24178325,1992 Oct,https://www.citexs.com/detail?pmid=24178325
1992 Jul,Nocturnal stachyose metabolism in leaf tissues of Xerosicyos danguyi H. Humb,Madore MA,Planta,,10.1007/BF00199974,24178149,1992 Jul,https://www.citexs.com/detail?pmid=24178149
1993 Apr,Further Evidence for Stachyose and Sucrose/H+ Antiporters on the Tonoplast of Japanese Artichoke (Stachys sieboldii) Tubers,Greutert H;Keller F,Plant Physiol,8.34,10.1104/pp.101.4.1317,12231787,1993 Apr,https://www.citexs.com/detail?pmid=12231787
1991 Nov,Distribution and immunolocalization of stachyose synthase in Cucumis melo L,Holthaus U;Schmitz K,Planta,,10.1007/BF00202956,24186524,1991 Nov,https://www.citexs.com/detail?pmid=24186524
1992 Nov,"Hydrolysis of raffinose and stachyose in cowpea (Vigna unguiculata) flour, using α-galactosidase fromAspergillus niger",Somiari RI;Balogh E,World J Microbiol Biotechnol,,10.1007/BF01238789,24425600,1992 Nov,https://www.citexs.com/detail?pmid=24425600
1992 Feb,Transport of Stachyose and Sucrose by Vacuoles of Japanese Artichoke (Stachys sieboldii) Tubers,Keller F,Plant Physiol,,10.1104/pp.98.2.442,16668659,1992 Feb,https://www.citexs.com/detail?pmid=16668659
1991 Mar 20,Hydrogen bonding in the crystal structure of the tetrasaccharide stachyose hydrate: a 1:1 complex of two conformers,Jeffrey GA;Huang DB,Carbohydr Res,2.104,10.1016/0008-6215(91)80115-4,1878888,1991 Mar 20,https://www.citexs.com/detail?pmid=1878888
1990 Jan 05,Integral kinetics of alpha-galactosidase purified from Glycine max for simultaneous hydrolysis of stachyose and raffinose,Porter JE;Herrmann KM;Ladisch MR,Biotechnol Bioeng,4.53,10.1002/bit.260350104,18588227,1990 Jan 05,https://www.citexs.com/detail?pmid=18588227
2000 Jun,[Pharmacokinetic study on absorption of stachyose],Zheng N;Ruan J;Zhang Y,Zhongguo Zhong Xi Yi Jie He Za Zhi,,,11789231,2000 Jun,https://www.citexs.com/detail?pmid=11789231
1988 Jul,Stachyose Synthesis in Source Leaf Tissues of the CAM Plant Xerosicyos danguyi H. Humb,Madore MA;Mitchell DE;Boyd CM,Plant Physiol,,10.1104/pp.87.3.588,16666190,1988 Jul,https://www.citexs.com/detail?pmid=16666190
2023 Apr,"Dietary soy galactooligosaccharides affect the performance, intestinal function, and gut microbiota composition of growing chicks",Teague KD;Tellez-Isaias G;Chai J;Petrone-Garcia V;Vuong CN;Blanch A;Rasmussen SH;Brown K;Zhao J;Rochell SJ,Poult Sci,4.014,10.1016/j.psj.2022.102440,36736136,2023 Apr,https://www.citexs.com/detail?pmid=36736136
2024 Mar,Identification of PRDX5 as A Target for The Treatment of Castration-Resistant Prostate Cancer,Wang R;Mi Y;Ni J;Wang Y;Ding L;Ran X;Sun Q;Tan SY;Koeffler HP;Feng N;Chen YQ,Adv Sci (Weinh),17.521,10.1002/advs.202304939,38115765,2024 Mar,https://www.citexs.com/detail?pmid=38115765
2023,Optimizing raffinose family oligosaccharides content in plants: A tightrope walk,Sanyal R;Kumar S;Pattanayak A;Kar A;Bishi SK,Front Plant Sci,6.627,10.3389/fpls.2023.1134754,37056499,2023,https://www.citexs.com/detail?pmid=37056499
2024 Jan 17,The Identification of a Strain for the Biological Purification of Soy Molasses to Produce Functional Soy Oligosaccharides and Optimize Purification Conditions,Yang R;Ma J;Wang Z;Du Y;Tian S;Fan G;Liu X;Teng C,Foods,5.561,10.3390/foods13020296,38254597,2024 Jan 17,https://www.citexs.com/detail?pmid=38254597
2023 Oct,Factors influencing the enzymatic hydrolysis of soy molasses into fermentation feedstock,Sancheti A;Thompson ER;Ju LK,Enzyme Microb Technol,3.705,10.1016/j.enzmictec.2023.110302,37591088,2023 Oct,https://www.citexs.com/detail?pmid=37591088
2021 Jul 01,Development and assessment of GC/MS and HPAEC/PAD methodologies for the quantification of α-galacto-oligosaccharides (GOS) in dry beans (Phaseolus vulgaris),Pico J;Vidal NP;Widjaja L;Falardeau L;Albino L;Martinez MM,Food Chem,7.514,10.1016/j.foodchem.2021.129151,33545602,2021 Jul 01,https://www.citexs.com/detail?pmid=33545602
2019 12 03,TILLING by Sequencing: A Successful Approach to Identify Rare Alleles in Soybean Populations,Thapa R;Carrero-Colón M;Rainey KM;Hudson K,Genes (Basel),4.141,10.3390/genes10121003,31817015,2019 12 03,https://www.citexs.com/detail?pmid=31817015
2020 Jun 03,Crystal Structure of α-Galactosidase from  Thermus thermophilus : Insight into Hexamer Assembly and Substrate Specificity,Chen SC;Wu SP;Chang YY;Hwang TS;Lee TH;Hsu CH,J Agric Food Chem,5.279,10.1021/acs.jafc.0c00871,32390413,2020 Jun 03,https://www.citexs.com/detail?pmid=32390413
1982 Jan,"A Potential Pathway for Galactose Metabolism in Cucumis sativus L., A Stachyose Transporting Species",Gross KC;Pharr DM,Plant Physiol,,10.1104/pp.69.1.117,16662141,1982 Jan,https://www.citexs.com/detail?pmid=16662141
2023 Dec 15,Insights into Sucrose Metabolism and Its Ethylene-Dependent Regulation in Cucumis melo L,Lao TD;Nguyen NH;Le TAH;Nguyen PDT,Mol Biotechnol,2.86,10.1007/s12033-023-00987-6,38102344,2023 Dec 15,https://www.citexs.com/detail?pmid=38102344
2023 May 19,Changes in the Carbohydrate Profile in Common Buckwheat ( Fagopyrum esculentum  Moench) Seedlings Induced by Cold Stress and Dehydration,Lahuta LB;Górecki RJ;Szablińska-Piernik J;Horbowicz M,Metabolites,5.581,10.3390/metabo13050672,37233712,2023 May 19,https://www.citexs.com/detail?pmid=37233712
2019 11 15,Genes Involved in Galactooligosaccharide Metabolism in Lactobacillus reuteri and Their Ecological Role in the Gastrointestinal Tract,Rattanaprasert M;van Pijkeren JP;Ramer-Tait AE;Quintero M;Kok CR;Walter J;Hutkins RW,Appl Environ Microbiol,4.792,10.1128/AEM.01788-19,31519661,2019 11 15,https://www.citexs.com/detail?pmid=31519661
2015,"Molecular cloning of AtRS4, a seed specific multifunctional RFO synthase/galactosylhydrolase in Arabidopsis thaliana",Gangl R;Behmüller R;Tenhaken R,Front Plant Sci,5.753,10.3389/fpls.2015.00789,26483807,2015,https://www.citexs.com/detail?pmid=26483807
2020 Feb,Alternative polyadenylation of the stacyose synthase gene mediates source-sink regulation in cucumber,Zhang J;Gu H;Dai H;Zhang Z;Miao M,J Plant Physiol,3.549,10.1016/j.jplph.2019.153111,31926460,2020 Feb,https://www.citexs.com/detail?pmid=31926460
2023 Oct 08,Quantitative Trait Loci and Candidate Genes That Control Seed Sugars Contents in the Soybean 'Forrest' by 'Williams 82' Recombinant Inbred Line Population,Knizia D;Bellaloui N;Yuan J;Lakhssasi N;Anil E;Vuong T;Embaby M;Nguyen HT;Mengistu A;Meksem K;Kassem MA,Plants (Basel),4.658,10.3390/plants12193498,37836238,2023 Oct 08,https://www.citexs.com/detail?pmid=37836238
2015,Changes in soymilk during fermentation with kefir culture: oligosaccharides hydrolysis and isoflavone aglycone production,Baú TR;Garcia S;Ida EI,Int J Food Sci Nutr,3.833,10.3109/09637486.2015.1095861,26460145,2015,https://www.citexs.com/detail?pmid=26460145
2023 Oct 06,In-Silico Investigation of Ginseng Phytoconstituents as Novel Therapeutics Against MAO-A,Choudhary D;Kaur R;Rani N;Singh TG;Kumar B,Curr Comput Aided Drug Des,1.639,10.2174/0115734099266270230925090023,37815181,2023 Oct 06,https://www.citexs.com/detail?pmid=37815181
2015,Significance of galactinol and raffinose family oligosaccharide synthesis in plants,Sengupta S;Mukherjee S;Basak P;Majumder AL,Front Plant Sci,5.753,10.3389/fpls.2015.00656,26379684,2015,https://www.citexs.com/detail?pmid=26379684
2019 Oct 05,Historical and pharmacological studies on rehmannia root processing- Trends in usage and comparison of the immunostimulatory effects of its products with or without steam processing and pretreatment with liquor,Ota M;Nakazaki J;Tabuchi Y;Ono T;Makino T,J Ethnopharmacol,4.36,10.1016/j.jep.2019.112059,31279866,2019 Oct 05,https://www.citexs.com/detail?pmid=31279866
2016 Feb 10,Environmental Stability of Seed Carbohydrate Profiles in Soybeans Containing Different Alleles of the Raffinose Synthase 2 (RS2) Gene,Bilyeu KD;Wiebold WJ,J Agric Food Chem,5.895,10.1021/acs.jafc.5b04779,26800264,2016 Feb 10,https://www.citexs.com/detail?pmid=26800264
2022 03 15,Food glycomics: Dealing with unexpected degradation of oligosaccharides during sample preparation and analysis,Huang YP;Robinson RC;Barile D,J Food Drug Anal,6.157,10.38212/2224-6614.3393,35647723,2022 03 15,https://www.citexs.com/detail?pmid=35647723
1960 Jan-Feb,[Identification of ajugose as an oligosaccharide of the stachyose-verbascose series],COURTOIS JE;DILLEMANN G;LE DIZET P,Ann Pharm Fr,,,13812404,1960 Jan-Feb,https://www.citexs.com/detail?pmid=13812404
2019 04,Metagenomic analysis of colorectal cancer datasets identifies cross-cohort microbial diagnostic signatures and a link with choline degradation,Thomas AM;Manghi P;Asnicar F;Pasolli E;Armanini F;Zolfo M;Beghini F;Manara S;Karcher N;Pozzi C;Gandini S;Serrano D;Tarallo S;Francavilla A;Gallo G;Trompetto M;Ferrero G;Mizutani S;Shiroma H;Shiba S;Shibata T,Nat Med,87.241,10.1038/s41591-019-0405-7,30936548,2019 04,https://www.citexs.com/detail?pmid=30936548
2023 Mar 15,Prebiotic potential of carbohydrates from defatted rice bran - Effect of physical extraction methods,Antunes LL;Back AL;Kossar MLBC;Spessato AG;Colla E;Drunkler DA,Food Chem,9.231,10.1016/j.foodchem.2022.134539,36242965,2023 Mar 15,https://www.citexs.com/detail?pmid=36242965
2024 02 25,Quantitative trait loci and genomic prediction for grain sugar and mineral concentrations of cowpea [Vigna unguiculata (L.) Walp.],Huynh BL;Stangoulis JCR;Vuong TD;Shi H;Nguyen HT;Duong T;Boukar O;Kusi F;Batieno BJ;Cisse N;Diangar MM;Awuku FJ;Attamah P;Crossa J;Pérez-Rodríguez P;Ehlers JD;Roberts PA,Sci Rep,4.996,10.1038/s41598-024-55214-2,38403625,2024 02 25,https://www.citexs.com/detail?pmid=38403625
2022 Oct 29,Effects of Exogenous α-Naphthaleneacetic Acid and 24-Epibrassinolide on Fruit Size and Assimilate Metabolism-Related Sugars and Enzyme Activities in Giant Pumpkin,Chen C;Wu XM;Pan L;Yang YT;Dai HB;Hua B;Miao MM;Zhang ZP,Int J Mol Sci,6.208,10.3390/ijms232113157,36361943,2022 Oct 29,https://www.citexs.com/detail?pmid=36361943
2021 May,Tempol ameliorates polycystic ovary syndrome through attenuating intestinal oxidative stress and modulating of gut microbiota composition-serum metabolites interaction,Li T;Zhang T;Gao H;Liu R;Gu M;Yang Y;Cui T;Lu Z;Yin C,Redox Biol,11.799,10.1016/j.redox.2021.101886,33592539,2021 May,https://www.citexs.com/detail?pmid=33592539
2024 Feb,Seven new pentasaccharides from the roots of  Rehmannia glutinosa,Liu YF;Zhou J;Zhang WQ;Shi GR;Li XY;Sun MH;Zhao YP;Chen RY;Yu DQ,J Asian Nat Prod Res,1.61,10.1080/10286020.2023.2184356,36877100,2024 Feb,https://www.citexs.com/detail?pmid=36877100
2017 12 04,Regulation of Seed Vigor by Manipulation of Raffinose Family Oligosaccharides in Maize and Arabidopsis thaliana,Li T;Zhang Y;Wang D;Liu Y;Dirk LMA;Goodman J;Downie AB;Wang J;Wang G;Zhao T,Mol Plant,13.164,10.1016/j.molp.2017.10.014,29122666,2017 12 04,https://www.citexs.com/detail?pmid=29122666
2023 Feb 01,Structural insight into the hydrolase and synthase activities of an alkaline α-galactosidase from Arabidopsis from complexes with substrate/product,Chuankhayan P;Lee RH;Guan HH;Lin CC;Chen NC;Huang YC;Yoshimura M;Nakagawa A;Chen CJ,Acta Crystallogr D Struct Biol,5.699,10.1107/S2059798323000037,36762861,2023 Feb 01,https://www.citexs.com/detail?pmid=36762861
2011 Oct,Phytic acid and raffinose series oligosaccharides metabolism in developing chickpea seeds,Zhawar VK;Kaur N;Gupta AK,Physiol Mol Biol Plants,,10.1007/s12298-011-0080-8,23573029,2011 Oct,https://www.citexs.com/detail?pmid=23573029
2023 Feb,Association of prebiotic fiber intake with colorectal cancer risk: the PrebiotiCa study,Turati F;Concina F;Rossi M;Fiori F;Parpinel M;Taborelli M;Giacosa A;Crispo A;Pagan E;Rosato V;Negri E;La Vecchia C,Eur J Nutr,4.865,10.1007/s00394-022-02984-y,36089645,2023 Feb,https://www.citexs.com/detail?pmid=36089645
2022 09 05,"Toxicity of different forms of antimony to rice plants: Photosynthetic electron transfer, gas exchange, photosynthetic efficiency, and carbon assimilation combined with metabolome analysis",Zhu Y;Li Z;Shen J;Wu K;Zhao P;Wu Z;Liu Z;Yang J;Liu H;Rensing C;Feng R,J Hazard Mater,14.224,10.1016/j.jhazmat.2022.129433,35897190,2022 09 05,https://www.citexs.com/detail?pmid=35897190
2019 05,Phloem loading in cucumber: combined symplastic and apoplastic strategies,Ma S;Sun L;Sui X;Li Y;Chang Y;Fan J;Zhang Z,Plant J,6.417,10.1111/tpj.14224,30604489,2019 05,https://www.citexs.com/detail?pmid=30604489
2020 May 06,Characterization of a protease-resistant α-galactosidase from Aspergillus oryzae YZ1 and its application in hydrolysis of raffinose family oligosaccharides from soymilk,Wang J;Yang X;Yang Y;Liu Y;Piao X;Cao Y,Int J Biol Macromol,8.025,10.1016/j.ijbiomac.2020.04.256,32387605,2020 May 06,https://www.citexs.com/detail?pmid=32387605
2021 Dec 10,CsAGA1 and CsAGA2 Mediate RFO Hydrolysis in Partially Distinct Manner in Cucumber Fruits,Hua B;Zhang M;Zhang J;Dai H;Zhang Z;Miao M,Int J Mol Sci,6.208,10.3390/ijms222413285,34948084,2021 Dec 10,https://www.citexs.com/detail?pmid=34948084
2023 Dec,Isolation and structural elucidation of prebiotic oligosaccharides from Ziziphi Spinosae Semen,Song J;Liu Y;Yin X;Nan Y;Shi Y;Chen X;Liang H;Zhang J;Ma B,Carbohydr Res,2.975,10.1016/j.carres.2023.108948,37783055,2023 Dec,https://www.citexs.com/detail?pmid=37783055
2024 Jan 16,Novel Soybean Variety Lacking Raffinose Synthase 2 Activity,Maeda MH;Toda K;Kaga A,ACS Omega,4.132,10.1021/acsomega.3c04585,38250426,2024 Jan 16,https://www.citexs.com/detail?pmid=38250426
2022 Oct 19,Identification of the Toxic Compounds in  Camellia oleifera  Honey and Pollen to Honey Bees ( Apis mellifera ),Li Z;Huang Q;Zheng Y;Zhang Y;Li X;Zhong S;Zeng Z,J Agric Food Chem,5.895,10.1021/acs.jafc.2c04950,36214176,2022 Oct 19,https://www.citexs.com/detail?pmid=36214176
2019 Feb 01,NMR solution geometry of saccharides containing the 6-O-(α-D-glucopyranosyl)-α/β-D-glucopyranose (isomaltose) or 6-O-(α-D-galactopyranosyl)-α/β-D-glucopyranose (melibiose) core,Watson A;Hackbusch S;Franz AH,Carbohydr Res,2.104,10.1016/j.carres.2018.12.012,30599389,2019 Feb 01,https://www.citexs.com/detail?pmid=30599389
2023 Mar,Intake of prebiotic fibers and the risk of laryngeal cancer: the PrebiotiCa study,Turati F;Concina F;Bertuccio P;Fiori F;Parpinel M;Taborelli M;Rosato V;Garavello W;Negri E;La Vecchia C,Eur J Nutr,4.865,10.1007/s00394-022-03030-7,36335543,2023 Mar,https://www.citexs.com/detail?pmid=36335543
2018 Apr,[Changes of transport sugar content in different organs of Rehmannia glutinosa],Wang DH;Liao N;Sun P;Ji XQ;Li XE;Qin MJ,Zhongguo Zhong Yao Za Zhi,,10.19540/j.cnki.cjcmm.20180201.003,29751701,2018 Apr,https://www.citexs.com/detail?pmid=29751701
2022 Apr 22,In Vitro Fermentability of Soybean Oligosaccharides from Wastewater of Tofu Production,Wang Y;Li C;Shan Z;Yin S;Wang Y;Wang C;Liu T;Wang N;Guo Q,Polymers (Basel),4.967,10.3390/polym14091704,35566873,2022 Apr 22,https://www.citexs.com/detail?pmid=35566873
2017 Sep 01,"Effects of oligosaccharides on pasting, thermal and rheological properties of sweet potato starch",Zhou DN;Zhang B;Chen B;Chen HQ,Food Chem,7.514,10.1016/j.foodchem.2017.03.088,28407943,2017 Sep 01,https://www.citexs.com/detail?pmid=28407943
2020 11 12,"Discovery of Novel Prebiotic Carbohydrates and Sugar Mimics of BlMsmE, a Solute-Binding Protein of the ABC Transporter from  Bacillus licheniformis",Zhang Y;Zhong X;Su S;Huang G,J Phys Chem B,2.991,10.1021/acs.jpcb.0c05583,33138364,2020 11 12,https://www.citexs.com/detail?pmid=33138364
2023 Dec 01,Toxic cyanobacteria induce coupled changes in gut microbiota and co-metabolite of freshwater gastropods,Ren X;Zhang J;Huang Y;Yang W;Lu K;Zhu J,Environ Pollut,9.988,10.1016/j.envpol.2023.122651,37797925,2023 Dec 01,https://www.citexs.com/detail?pmid=37797925
2022,Suppression of  SDP1  Improves Soybean Seed Composition by Increasing Oil and Reducing Undigestible Oligosaccharides,Aznar-Moreno JA;Mukherjee T;Morley SA;Duressa D;Kambhampati S;Chu KL;Koley S;Allen DK;Durrett TP,Front Plant Sci,6.627,10.3389/fpls.2022.863254,35401590,2022,https://www.citexs.com/detail?pmid=35401590
2022 Aug,Study on model plant based functional beverage emulsion (non-dairy) using ultrasound - A physicochemical and functional characterization,Vallath A;Shanmugam A,Ultrason Sonochem,9.336,10.1016/j.ultsonch.2022.106070,35749956,2022 Aug,https://www.citexs.com/detail?pmid=35749956
2023 Jan 14,Soybean Seed Sugars: A Role in the Mechanism of Resistance to Charcoal Rot and Potential Use as Biomarkers in Selection,Bellaloui N;Mengistu A;Smith JR;Abbas HK;Accinelli C;Shier WT,Plants (Basel),4.658,10.3390/plants12020392,36679106,2023 Jan 14,https://www.citexs.com/detail?pmid=36679106
2023 Dec 12,Force Field Analysis Software and Tools (FFAST): Assessing Machine Learning Force Fields under the Microscope,Fonseca G;Poltavsky I;Tkatchenko A,J Chem Theory Comput,6.578,10.1021/acs.jctc.3c00985,38011895,2023 Dec 12,https://www.citexs.com/detail?pmid=38011895
2021 01,Identification of Putative Interactors of Arabidopsis Sugar Transporters,Wipf D;Pfister C;Mounier A;Leborgne-Castel N;Frommer WB;Courty PE,Trends Plant Sci,18.313,10.1016/j.tplants.2020.09.009,33071187,2021 01,https://www.citexs.com/detail?pmid=33071187
2023 Dec 28,The Sink-Source Relationship in Cucumber ( Cucumis sativus  L.) Is Modulated by DNA Methylation,Wang Y;Zhang H;Gu J;Chen C;Liu J;Zhang Z;Hua B;Miao M,Plants (Basel),4.658,10.3390/plants13010103,38202411,2023 Dec 28,https://www.citexs.com/detail?pmid=38202411
2024 Mar 29,Multi-Omics Analysis Reveals the Distinct Features of Metabolism Pathways Supporting the Fruit Size and Color Variation of Giant Pumpkin,Xia W;Chen C;Jin S;Chang H;Ding X;Fan Q;Zhang Z;Hua B;Miao M;Liu J,Int J Mol Sci,6.208,10.3390/ijms25073864,38612673,2024 Mar 29,https://www.citexs.com/detail?pmid=38612673
2018 Mar 01,Fermentation of non-digestible raffinose family oligosaccharides and galactomannans by probiotics,Zartl B;Silberbauer K;Loeppert R;Viernstein H;Praznik W;Mueller M,Food Funct,5.396,10.1039/c7fo01887h,29465736,2018 Mar 01,https://www.citexs.com/detail?pmid=29465736
2019 Dec 30,"Effect of Instant Controlled Pressure-Drop (DIC), Cooking and Germination on Non-Nutritional Factors of Common Vetch ( Vicia sativa  spp.)",Hernandez-Aguirre AI;Téllez-Pérez C;San Martín-Azócar A;Cardador-Martínez A,Molecules,4.927,10.3390/molecules25010151,31905949,2019 Dec 30,https://www.citexs.com/detail?pmid=31905949
2019 Mar,HPLC profiling of flatulence and non-flatulence saccharides in eleven ricebean ( Vigna umbellata ) varieties from North-East India,Bepary RH;Wadikar DD,J Food Sci Technol,2.701,10.1007/s13197-019-03675-z,30956347,2019 Mar,https://www.citexs.com/detail?pmid=30956347
2020 06,Sugar enhances waterlogging-induced adventitious root formation in cucumber by promoting auxin transport and signalling,Qi X;Li Q;Shen J;Qian C;Xu X;Xu Q;Chen X,Plant Cell Environ,7.228,10.1111/pce.13738,32020637,2020 06,https://www.citexs.com/detail?pmid=32020637
2022,Genome-wide association mapping of seed oligosaccharides in chickpea,Elango D;Wang W;Thudi M;Sebastiar S;Ramadoss BR;Varshney RK,Front Plant Sci,6.627,10.3389/fpls.2022.1024543,36352859,2022,https://www.citexs.com/detail?pmid=36352859
2021 Aug 11,"Effects of Combinations of Goat Milk and Oligosaccharides on Altering the Microbiota, Immune Responses, and Short Chain Fatty Acid Levels in the Small Intestines of Mice",Ma H;Zhao Y;Li L;Liu Y,J Agric Food Chem,,10.1021/acs.jafc.1c03408,34314156,2021 Aug 11,https://www.citexs.com/detail?pmid=34314156
2020 Aug,Diversity of the metabolic profiles of a broad range of lactic acid bacteria in soy juice fermentation,Harlé O;Falentin H;Niay J;Valence F;Courselaud C;Chuat V;Maillard MB;Guédon É;Deutsch SM;Thierry A,Food Microbiol,6.374,10.1016/j.fm.2019.103410,32138982,2020 Aug,https://www.citexs.com/detail?pmid=32138982
2020 Jun 10,"Determination of Soluble Mono, Di, and Oligosaccharide Content in 23 Dry Beans ( Phaseolus vulgaris L. )",Kotha RR;Finley JW;Luthria DL,J Agric Food Chem,5.279,10.1021/acs.jafc.0c00713,32422052,2020 Jun 10,https://www.citexs.com/detail?pmid=32422052
2017 Jan,A protease-resistant α-galactosidase from Pleurotus djamor with broad pH stability and good hydrolytic activity toward raffinose family oligosaccharides,Hu Y;Tian G;Zhao L;Wang H;Ng TB,Int J Biol Macromol,6.953,10.1016/j.ijbiomac.2016.10.005,27717787,2017 Jan,https://www.citexs.com/detail?pmid=27717787
2019 May 01,A protease-resistant α-galactosidase characterized by relatively acid pH tolerance from the Shitake Mushroom Lentinula edodes,Xu L;Chen B;Geng X;Feng C;Meng J;Chang M,Int J Biol Macromol,6.953,10.1016/j.ijbiomac.2019.01.051,30654035,2019 May 01,https://www.citexs.com/detail?pmid=30654035
2022 Feb 08,Extrusion Cooking Effect on Carbohydrate Fraction in Novel Gluten-Free Flours Based on Chickpea and Rice,Ciudad-Mulero M;Vega EN;García-Herrera P;Pedrosa MM;Arribas C;Berrios JJ;Cámara M;Fernández-Ruiz V;Morales P,Molecules,4.927,10.3390/molecules27031143,35164408,2022 Feb 08,https://www.citexs.com/detail?pmid=35164408
2020 Aug,[Ingredients changes in Rehmanniae Radix processing based by HPLC-ELSD specific chromatogram],Zhang WT;He J;Guo ZX;Shi SM,Zhongguo Zhong Yao Za Zhi,,10.19540/j.cnki.cjcmm.20200523.303,32893584,2020 Aug,https://www.citexs.com/detail?pmid=32893584
2016 Jun 01,Tofu Whey Permeate Is an Efficient Source To Enzymatically Produce Prebiotic Fructooligosaccharides and Novel Fructosylated α-Galactosides,Corzo-Martínez M;García-Campos G;Montilla A;Moreno FJ,J Agric Food Chem,5.279,10.1021/acs.jafc.6b00779,27156348,2016 Jun 01,https://www.citexs.com/detail?pmid=27156348
2018 Mar,Characterization of a novel GH36 α-galactosidase from Bacillus megaterium and its application in degradation of raffinose family oligosaccharides,Huang Y;Zhang H;Ben P;Duan Y;Lu M;Li Z;Cui Z,Int J Biol Macromol,6.953,10.1016/j.ijbiomac.2017.11.154,29183739,2018 Mar,https://www.citexs.com/detail?pmid=29183739
2008 Nov,The contribution of carbohydrates including raffinose family oligosaccharides and sugar alcohols to protection of plant cells from oxidative damage,Nishizawa-Yokoi A;Yabuta Y;Shigeoka S,Plant Signal Behav,,10.4161/psb.6738,19704439,2008 Nov,https://www.citexs.com/detail?pmid=19704439
2022,From Raffinose Family Oligosaccharides to Sucrose and Hexoses: Gene Expression Profiles Underlying Host-to-Nematode Carbon Delivery in  Cucumis sativus  Roots,Wang X;Li S;Zhang X;Gao L;Ruan YL;Tian Y;Ma S,Front Plant Sci,6.627,10.3389/fpls.2022.823382,35251093,2022,https://www.citexs.com/detail?pmid=35251093
2021 May 28,"Genome-based selection and application of food-grade microbes for chickpea milk fermentation towards increased L-lysine content, elimination of indigestible sugars, and improved flavour",Tangyu M;Fritz M;Aragao-Börner R;Ye L;Bogicevic B;Bolten CJ;Wittmann C,Microb Cell Fact,,10.1186/s12934-021-01595-2,34049541,2021 May 28,https://www.citexs.com/detail?pmid=34049541
2023 Oct,Characterization of free oligosaccharides from garden cress seed aqueous exudate using PGC LC-MS/MS and NMR spectroscopy,Lijina P;Manjunatha JR;Gnanesh Kumar BS,Carbohydr Res,2.975,10.1016/j.carres.2023.108914,37541111,2023 Oct,https://www.citexs.com/detail?pmid=37541111
2022 Jan 05,In vitro fermentation profiles of different soybean oligosaccharides and their effects on skatole production and cecal microbiota of broilers,Zhu X;Xu M;Liu H;Yang G,Anim Biosci,,10.5713/ab.21.0424,34991192,2022 Jan 05,https://www.citexs.com/detail?pmid=34991192
2019 Jun 15,Characterization of a high performance α-galactosidase from Irpex lacteus and its usage in removal of raffinose family oligosaccharides from soymilk,Jang JM;Yang Y;Wang R;Bao H;Yuan H;Yang J,Int J Biol Macromol,6.953,10.1016/j.ijbiomac.2019.04.060,30981775,2019 Jun 15,https://www.citexs.com/detail?pmid=30981775
2022 Jul 15,An allelic series of starch-branching enzyme mutants in pea (Pisum sativum L.) reveals complex relationships with seed starch phenotypes,Moreau C;Warren FJ;Rayner T;Perez-Moral N;Lawson DM;Wang TL;Domoney C,Carbohydr Polym,10.723,10.1016/j.carbpol.2022.119386,35450647,2022 Jul 15,https://www.citexs.com/detail?pmid=35450647
2020,Cold Acclimation and Deacclimation of Two Garden Rose Cultivars Under Controlled Daylength and Temperature,Ouyang L;Leus L;De Keyser E;Van Labeke MC,Front Plant Sci,5.753,10.3389/fpls.2020.00327,32265972,2020,https://www.citexs.com/detail?pmid=32265972
2022 07,"Multitasking bamboo leaf-derived compounds in prevention of infectious, inflammatory, atherosclerotic, metabolic, and neuropsychiatric diseases",Kimura I;Kagawa S;Tsuneki H;Tanaka K;Nagashima F,Pharmacol Ther,13.4,10.1016/j.pharmthera.2022.108159,35183589,2022 07,https://www.citexs.com/detail?pmid=35183589
2019 Nov 07,Compositional Analysis of Non-Polar and Polar Metabolites in 14 Soybeans Using Spectroscopy and Chromatography Tools,Kotha RR;Natarajan S;Wang D;Luthria DL,Foods,4.35,10.3390/foods8110557,31703250,2019 Nov 07,https://www.citexs.com/detail?pmid=31703250
2016 04 01,"Comparative analysis of chemical compositions between non-transgenic soybean seeds and those from plants over-expressing AtJMT, the gene for jasmonic acid carboxyl methyltransferase",Nam KH;Kim DY;Pack IS;Park JH;Seo JS;Choi YD;Cheong JJ;Kim CH;Kim CG,Food Chem,9.231,10.1016/j.foodchem.2015.09.046,26593488,2016 04 01,https://www.citexs.com/detail?pmid=26593488
2023 Jul,Impact of drought and salt stress on galactinol and raffinose family oligosaccharides in common bean ( Phaseolus vulgaris ),de Koning R;Wils GE;Kiekens R;De Vuyst L;Angenon G,AoB Plants,3.138,10.1093/aobpla/plad038,37426172,2023 Jul,https://www.citexs.com/detail?pmid=37426172
2014 Jul 01,A reliable and rapid method for soluble sugars and RFO analysis in chickpea using HPAEC-PAD and its comparison with HPLC-RI,Gangola MP;Jaiswal S;Khedikar YP;Chibbar RN,Food Chem,7.514,10.1016/j.foodchem.2013.12.085,24518324,2014 Jul 01,https://www.citexs.com/detail?pmid=24518324
2018,A novel α-galactosidase from the thermophilic probiotic Bacillus coagulans with remarkable protease-resistance and high hydrolytic activity,Zhao R;Zhao R;Tu Y;Zhang X;Deng L;Chen X,PLoS One,3.24,10.1371/journal.pone.0197067,29738566,2018,https://www.citexs.com/detail?pmid=29738566
2018 Feb 07,Synthesis of Stachyobifiose Using Bifidobacterial α-Galactosidase Purified from Recombinant Escherichia coli,Oh SY;Youn SY;Park MS;Baek NI;Ji GE,J Agric Food Chem,5.279,10.1021/acs.jafc.7b04703,29363955,2018 Feb 07,https://www.citexs.com/detail?pmid=29363955
2022 10 26,Changes in the raffinose family oligosaccharides content in the lentil and common bean seeds during malting and mashing processes,Gasiński A;Kawa-Rygielska J;Mikulski D;Kłosowski G,Sci Rep,4.996,10.1038/s41598-022-22943-1,36289395,2022 10 26,https://www.citexs.com/detail?pmid=36289395
2023 May 30,"Comprehensive oligosaccharide profiling of commercial almond milk, soy milk, and soy flour",Huang YP;Paviani B;Fukagawa NK;Phillips KM;Barile D,Food Chem,9.231,10.1016/j.foodchem.2022.135267,36586264,2023 May 30,https://www.citexs.com/detail?pmid=36586264
2016,Effects of Nutrients in Substrates of Different Grains on Aflatoxin B1 Production by Aspergillus flavus,Liu J;Sun L;Zhang N;Zhang J;Guo J;Li C;Rajput SA;Qi D,Biomed Res Int,3.411,10.1155/2016/7232858,27294129,2016,https://www.citexs.com/detail?pmid=27294129
2018 Jan-Mar,Quantification of anti-nutritional factors and their correlations with protein and oil in soybeans,Bueno RD;Borges LL;God PIVG;Piovesan ND;Teixeira AI;Cruz CD;Barros EG,An Acad Bras Cienc,1.811,10.1590/0001-3765201820140465,29641760,2018 Jan-Mar,https://www.citexs.com/detail?pmid=29641760
2022 Jul 04,The role of functional oligosaccharides as prebiotics in ulcerative colitis,Liu N;Wang H;Yang Z;Zhao K;Li S;He N,Food Funct,6.317,10.1039/d2fo00546h,35703137,2022 Jul 04,https://www.citexs.com/detail?pmid=35703137
2018 May,Sugar metabolism in the desiccation tolerant grass Oropetium thomaeum in response to environmental stresses,Zhang Q;Song X;Bartels D,Plant Sci,4.729,10.1016/j.plantsci.2018.02.004,29576083,2018 May,https://www.citexs.com/detail?pmid=29576083
2021 Aug 10,Reverse tracing anti-thrombotic active ingredients from dried Rehmannia Radix based on multidimensional spectrum-effect relationship analysis of steaming and drying for nine cycles,Gong PY;Guo YJ;Tian YS;Gu LF;Qi J;Yu BY,J Ethnopharmacol,5.195,10.1016/j.jep.2021.114177,33945856,2021 Aug 10,https://www.citexs.com/detail?pmid=33945856
2018 03 12,Genome-wide identification and expression analyses of genes involved in raffinose accumulation in sesame,You J;Wang Y;Zhang Y;Dossa K;Li D;Zhou R;Wang L;Zhang X,Sci Rep,4.379,10.1038/s41598-018-22585-2,29531231,2018 03 12,https://www.citexs.com/detail?pmid=29531231
2024 May 20,Arsenic-enhanced plant growth in As-hyperaccumulator Pteris vittata: Metabolomic investigations and molecular mechanisms,Han YH;Li YX;Chen X;Zhang H;Zhang Y;Li W;Liu CJ;Chen Y;Ma LQ,Sci Total Environ,10.753,10.1016/j.scitotenv.2024.171922,38522532,2024 May 20,https://www.citexs.com/detail?pmid=38522532
2020,Effect of  Lb. plantarum  BFE 5092 Fermentation on Antinutrient and Oligosaccharide Composition of Whole Red Haricot Bean ( Phaseolus vulgaris L ),Kitum VC;Kinyanjui PK;Mathara JM;Sila DN,Int J Food Sci,,10.1155/2020/8876394,32851056,2020,https://www.citexs.com/detail?pmid=32851056
2018 Mar 23,Preparation and identification of oligosaccharides in lotus seeds and determination of their distribution in different parts of lotus,Chen L;Hu D;Liang X;Zhao J;Li S,Electrophoresis,3.595,10.1002/elps.201700490,29572877,2018 Mar 23,https://www.citexs.com/detail?pmid=29572877
2020 07,Evaluation of carbohydrates and quality parameters in six types of commercial teas by targeted statistical analysis,Shevchuk A;Megías-Pérez R;Zemedie Y;Kuhnert N,Food Res Int,6.475,10.1016/j.foodres.2020.109122,32466950,2020 07,https://www.citexs.com/detail?pmid=32466950
2019 Aug 15,"Cross-linked α-galactosidase aggregates: optimization, characterization and application in the hydrolysis of raffinose-type oligosaccharides in soymilk",Bayraktar H;Önal S,J Sci Food Agric,3.638,10.1002/jsfa.9720,30932192,2019 Aug 15,https://www.citexs.com/detail?pmid=30932192
2023 Feb 05,UPLC-Q-TOF-MS and UPLC-QQQ-MS were used for the qualitative and quantitative analysis of oligosaccharides in Fufang Ejiao Syrup,Li W;Wang Y;Han J;Zhang J;Li B;Qi X;Zhang Y;Hu F;Liu H,J Pharm Biomed Anal,3.571,10.1016/j.jpba.2022.115193,36521307,2023 Feb 05,https://www.citexs.com/detail?pmid=36521307
2023 05 17,The potential role of nondigestible Raffinose family oligosaccharides as prebiotics,Kanwal F;Ren D;Kanwal W;Ding M;Su J;Shang X,Glycobiology,5.954,10.1093/glycob/cwad015,36795047,2023 05 17,https://www.citexs.com/detail?pmid=36795047
2023 Apr 11,Biosynthesis of ( S )-Equol from Soy Whey by Metabolically Engineered  Escherichia coli,Wang Z;Li X;Azi F;Dai Y;Xu Z;Yu L;Zhou J;Dong M;Xia X,J Agric Food Chem,5.895,10.1021/acs.jafc.3c00439,37038970,2023 Apr 11,https://www.citexs.com/detail?pmid=37038970
2016,Presence of Inulin-Type Fructo-Oligosaccharides and Shift from Raffinose Family Oligosaccharide to Fructan Metabolism in Leaves of Boxtree (Buxus sempervirens),Van den Ende W;Coopman M;Vergauwen R;Van Laere A,Front Plant Sci,5.753,10.3389/fpls.2016.00209,26973663,2016,https://www.citexs.com/detail?pmid=26973663
2024 May 07,Making  1 H- 1 H Couplings More Accessible and Accurate with Selective 2DJ NMR Experiments Aided by  13 C Satellites,Cantrelle FX;Boll E;Sinnaeve D,Anal Chem,8.008,10.1021/acs.analchem.4c00315,38666447,2024 May 07,https://www.citexs.com/detail?pmid=38666447
2022 Jul 13,Structural Characterization of Dietary Fiber from Different Lupin Species ( Lupinus  sp.),Keller J;Marmit SP;Bunzel M,J Agric Food Chem,5.895,10.1021/acs.jafc.2c02028,35758602,2022 Jul 13,https://www.citexs.com/detail?pmid=35758602
2024 Mar,"Effect of soluble dietary fiber on soy protein isolate emulsion gel properties, stability and delivery of vitamin D 3",Li B;Luan H;Qin J;Zong A;Liu L;Xu Z;Du F;Xu T,Int J Biol Macromol,8.025,10.1016/j.ijbiomac.2024.129806,38325693,2024 Mar,https://www.citexs.com/detail?pmid=38325693
2024 Feb 05,"HY5-dependent light-mediated regulation of galactinol synthase gene, AtGolS1, modulates galactinol biosynthesis in Arabidopsis",Ranjan A;Michael R;Gautam S;Trivedi PK,Biochem Biophys Res Commun,3.322,10.1016/j.bbrc.2023.149423,38157630,2024 Feb 05,https://www.citexs.com/detail?pmid=38157630
2018 03,Genetic Architecture of Dietary Fiber and Oligosaccharide Content in a Middle American Panel of Edible Dry Bean,Moghaddam SM;Brick MA;Echeverria D;Thompson HJ;Brick LA;Lee R;Mamidi S;McClean PE,Plant Genome,4.089,10.3835/plantgenome2017.08.0074,29505640,2018 03,https://www.citexs.com/detail?pmid=29505640
2018 Nov,Functional characterization of galactinol synthase and raffinose synthase in desiccation tolerance acquisition in developing Arabidopsis seeds,Jing Y;Lang S;Wang D;Xue H;Wang XF,J Plant Physiol,3.549,10.1016/j.jplph.2018.10.011,30368031,2018 Nov,https://www.citexs.com/detail?pmid=30368031
2021 Oct 26,Aquafaba from Korean Soybean II: Physicochemical Properties and Composition Characterized by NMR Analysis,He Y;Shim YY;Shen J;Kim JH;Cho JY;Hong WS;Meda V;Reaney MJT,Foods,5.561,10.3390/foods10112589,34828870,2021 Oct 26,https://www.citexs.com/detail?pmid=34828870
2016 May,Purification of thermostable α-galactosidase from Irpex lacteus and its use for hydrolysis of oligosaccharides,Guo Y;Song Y;Qiu Y;Shao X;Wang H;Song Y,J Basic Microbiol,2.65,10.1002/jobm.201500668,26946959,2016 May,https://www.citexs.com/detail?pmid=26946959
2021 07 02,Evolutionary gain of oligosaccharide hydrolysis and sugar transport enhanced carbohydrate partitioning in sweet watermelon fruits,Ren Y;Li M;Guo S;Sun H;Zhao J;Zhang J;Liu G;He H;Tian S;Yu Y;Gong G;Zhang H;Zhang X;Alseekh S;Fernie AR;Scheller HV;Xu Y,Plant Cell,12.085,10.1093/plcell/koab055,33570606,2021 07 02,https://www.citexs.com/detail?pmid=33570606
2021 Feb 01,Improvement of gluten-free steamed bread quality by partial substitution of rice flour with powder of Apios americana tuber,Ito S;Arai E,Food Chem,7.514,10.1016/j.foodchem.2020.127977,32919271,2021 Feb 01,https://www.citexs.com/detail?pmid=32919271
2024 Apr 20,FODMAP Content Like-by-like Comparison in Spanish Gluten-free and Gluten-containing Cereal-based Products,Matias S;Perez-Junkera G;Martínez O;Miranda J;Larretxi I;Peña L;Bustamante MÁ;Churruca I;Simón E,Plant Foods Hum Nutr,4.124,10.1007/s11130-024-01177-8,38642193,2024 Apr 20,https://www.citexs.com/detail?pmid=38642193
2020 Jun 15,Novel gluten-free formulations from lentil flours and nutritional yeast: Evaluation of extrusion effect on phytochemicals and non-nutritional factors,Ciudad-Mulero M;Fernández-Ruiz V;Cuadrado C;Arribas C;Pedrosa MM;De J Berrios J;Pan J;Morales P,Food Chem,7.514,10.1016/j.foodchem.2020.126175,31991254,2020 Jun 15,https://www.citexs.com/detail?pmid=31991254
2024 12,UvVelC is important for conidiation and pathogenicity in the rice false smut pathogen  Ustilaginoidea virens,Yu M;Song T;Yu J;Cao H;Pan X;Qi Z;Du Y;Liu W;Liu Y,Virulence,5.428,10.1080/21505594.2023.2301243,38240294,2024 12,https://www.citexs.com/detail?pmid=38240294
2019 08 01,The  melREDCA  Operon Encodes a Utilization System for the Raffinose Family of Oligosaccharides in  Bacillus subtilis,Morabbi Heravi K;Watzlawick H;Altenbuchner J,J Bacteriol,3.49,10.1128/JB.00109-19,31138628,2019 08 01,https://www.citexs.com/detail?pmid=31138628
2023 Sep,Integrated metabolomics and transcriptomics analysis reveals that the change of apoplast metabolites contributes to adaptation to winter freezing stress in Euonymus japonicus,Liu Q;Zhang Y;Dong X;Zheng L;Zhou Y;Gao F,Plant Physiol Biochem,5.437,10.1016/j.plaphy.2023.107924,37541019,2023 Sep,https://www.citexs.com/detail?pmid=37541019
2019 Apr 25,"Soybean seed physiology, quality, and chemical composition under soil moisture stress",Wijewardana C;Reddy KR;Bellaloui N,Food Chem,9.231,10.1016/j.foodchem.2018.11.035,30583452,2019 Apr 25,https://www.citexs.com/detail?pmid=30583452
2023 01 16,Spatio-temporal expression pattern of Raffinose Synthase genes determine the levels of Raffinose Family Oligosaccharides in peanut (Arachis hypogaea L.) seed,Sanyal R;Pradhan B;Jawed DM;Tribhuvan KU;Dahuja A;Kumar M;Kumar N;Mishra GP;Ram C;Mahatma MK;Singh BK;Mangrauthia SK;Singh AK;Sharma TR;Pattanayak A;Bishi SK,Sci Rep,4.996,10.1038/s41598-023-27890-z,36646750,2023 01 16,https://www.citexs.com/detail?pmid=36646750
2010 Nov-Dec,Influence of a low dose of dietary soybean on bone properties and mineral status in young rats,Piastowska-Ciesielska AW;Gralak MA,Biofactors,6.438,10.1002/biof.113,20806285,2010 Nov-Dec,https://www.citexs.com/detail?pmid=20806285